peptide,HLA,label
ACYDLCIVY,YYAMYREISTNTYESNLYLRYDSYTWAEWAYLWY,1
AEPDRAHYNI,YYSEYRNIYAQTDESNLYLSYDYYTWAERAYEWY,1
AEQATSNYY,YYAMYREISTNTYESNLYLRYDSYTWAEWAYLWY,1
AFADLTVVY,YYAMYREISTNTYESNLYLRYDSYTWAEWAYLWY,1
AFRDLCIVY,YYAMYREISTNTYESNLYLRYDSYTWAEWAYLWY,1
AFRDLCIVY,YYAMYREISTNTYESNLYLRYDSYTWAEWAYLWY,1
AFRDLCIVYR,YYAMYQENVAQTDVDTLYIIYRDYTWAAQAYRWY,1
AFTDLTIVY,YYAMYREISTNTYESNLYLRYDSYTWAEWAYLWY,1
AGQAEPDRAHY,YYAMYREISTNTYESNLYLRYDSYTWAEWAYLWY,1
AHYNIVTF,YSAMYEEKVAHTDENIAYLMFHYYTWAVQAYTGY,1
AHYNIVTFCCK,YYAMYQENVAQTDVDTLYIIYRDYTWAAQAYRWY,1
ALETSVHEI,YFAMYGEKVAHTHVDTLYVRYHYYTWAVLAYTWY,1
ALETTIHNI,YFAMYGEKVAHTHVDTLYVRYHYYTWAVLAYTWY,1
AQPATADYY,YYAMYREISTNTYESNLYLRYDSYTWAEWAYLWY,1
AQPATANYY,YYAMYREISTNTYESNLYLRYDSYTWAEWAYLWY,1
AVCDKCLK,YFAMYQENVAQTDVDTLYIIYRDYTWAELAYTWY,1
AVCDKCLK,YYAMYQENVAQTDVDTLYIIYRDYTWAAQAYRWY,1
AVCDKCLKF,YYAMYQENVAQTDVDTLYIIYRDYTWAAQAYRWY,1
AVCDKCLKFY,YFAMYQENMAHTDANTLYIIYRDYTWVARVYRGY,1
AVCDKCLKFY,YFAMYQENVAQTDVDTLYIIYRDYTWAELAYTWY,1
AVCDKCLKFYS,YYAMYQENVAQTDVDTLYIIYRDYTWAAQAYRWY,1
CIVYRDGNPY,YYAMYREISTNTYESNLYLRYDSYTWAEWAYLWY,1
CKQQLLRREVY,YYAMYREISTNTYESNLYLRYDSYTWAEWAYLWY,1
CLKFYSKISEY,YYAMYREISTNTYESNLYLRYDSYTWAEWAYLWY,1
CLNEILIRC,YFAMYGEKVAHTHVDTLYVRYHYYTWAVLAYTWY,1
CPEEKQRHL,YYSEYRNIYAQTDESNLYLSYDYYTWAERAYEWY,1
CQKPLCPEE,YYAMYREISTNTYESNLYLRYDSYTWAEWAYLWY,1
CTELQTTIH,YFAMYQENMAHTDANTLYIIYRDYTWVARVYRGY,1
CVYCKQQLLR,YFAMYQENVAQTDVDTLYIIYRDYTWAELAYTWY,1
CVYCKQQLLR,YYAMYQENVAQTDVDTLYIIYRDYTWAAQAYRWY,1
CYSLYGTTLE,YSAMYEEKVAHTDENIAYLMFHYYTWAVQAYTGY,1
CYSVYGTTLE,YSAMYEEKVAHTDENIAYLMFHYYTWAVQAYTGY,1
DFAFRDLCI,YSAMYEEKVAHTDENIAYLMFHYYTWAVQAYTGY,1
DKKQRFHN,YSAMYEEKVAHTDENIAYLMFHYYTWAVQAYTGY,1
DKKQRFHNI,YSAMYEEKVAHTDENIAYLMFHYYTWAVQAYTGY,1
DLLIRCINCQK,YYAMYQENVAQTDVDTLYIIYRDYTWAAQAYRWY,1
DLLMGTFGI,YFAMYGEKVAHTHVDTLYVRYHYYTWAVLAYTWY,1
DLYCYEQF,YSAMYEEKVAHTDENIAYLMFHYYTWAVQAYTGY,1
DPQERPRKL,YYSEYRNIYAQTDESNLYLSYDYYTWAERAYEWY,1
DRAHYNIVTF,YSAMYEEKVAHTDENIAYLMFHYYTWAVQAYTGY,1
DRAHYNIVTFC,YYSEYRNIYAQTDESNLYLSYDYYTWAERAYEWY,1
ELLMGSFGI,YFAMYGEKVAHTHVDTLYVRYHYYTWAVLAYTWY,1
ELQTTIHEI,YFAMYGEKVAHTHVDTLYVRYHYYTWAVLAYTWY,1
ELQTTIHEI,YFAMYGEKVAHTHVDTLYVRYHYYTWAVLAYTWY,1
EVEESIHEI,YFAMYGEKVAHTHVDTLYVRYHYYTWAVLAYTWY,1
EVYDFAFR,YYAMYQENVAQTDVDTLYIIYRDYTWAAQAYRWY,1
EVYDFAFRDL,YSAMYEEKVAHTDENIAYLMFHYYTWAVQAYTGY,1
EYRHYCYSV,YSAMYEEKVAHTDENIAYLMFHYYTWAVQAYTGY,1
FAFRDLCIVY,YYAMYREISTNTYESNLYLRYDSYTWAEWAYLWY,1
FAFRDLCIVYR,YYAMYQENVAQTDVDTLYIIYRDYTWAAQAYRWY,1
FLFTDLRIV,YFAMYGEKVAHTHVDTLYVRYHYYTWAVLAYTWY,1
FQDPAERPY,YYAMYREISTNTYESNLYLRYDSYTWAEWAYLWY,1
FQDPQERPI,YFAMYGEKVAHTHVDTLYVRYHYYTWAVLAYTWY,1
FQDPQERPIKL,YFAMYGEKVAHTHVDTLYVRYHYYTWAVLAYTWY,1
FRWYRYSVY,YYAMYREISTNTYESNLYLRYDSYTWAEWAYLWY,1
FVFADLRIV,YFAMYGEKVAHTHVDTLYVRYHYYTWAVLAYTWY,1
FYSKISEY,YSAMYEEKVAHTDENIAYLMFHYYTWAVQAYTGY,1
FYSKISEYRH,YSAMYEEKVAHTDENIAYLMFHYYTWAVQAYTGY,1
FYSKISEYRHY,YSAMYEEKVAHTDENIAYLMFHYYTWAVQAYTGY,1
FYSKISEYRHY,YYAMYREISTNTYESNLYLRYDSYTWAEWAYLWY,1
GEITTLQDY,YYAMYREISTNTYESNLYLRYDSYTWAEWAYLWY,1
GETPTLQDY,YYAMYREISTNTYESNLYLRYDSYTWAEWAYLWY,1
GHKPTLKEY,YYAMYREISTNTYESNLYLRYDSYTWAEWAYLWY,1
GNNPTLREY,YYAMYREISTNTYESNLYLRYDSYTWAEWAYLWY,1
GQAEPDRAH,YYAMYREISTNTYESNLYLRYDSYTWAEWAYLWY,1
GQAEPDRAH,YYAMYREISTNTYESNLYLRYDSYTWAEWAYLWY,1
GQAEPDRAHYN,YYAMYREISTNTYESNLYLRYDSYTWAEWAYLWY,1
GQLTETEVL,YYAMYREISTNTYESNLYLRYDSYTWAEWAYLWY,1
GTTLEQQY,YFAMYQENMAHTDANTLYIIYRDYTWVARVYRGY,1
HDIILECVY,YYAMYREISTNTYESNLYLRYDSYTWAEWAYLWY,1
HDIILECVYCK,YYAMYQENVAQTDVDTLYIIYRDYTWAAQAYRWY,1
HEICLNCVY,YYAMYREISTNTYESNLYLRYDSYTWAEWAYLWY,1
HEIILECVY,YYAMYREISTNTYESNLYLRYDSYTWAEWAYLWY,1
HEIILECVYCK,YYAMYQENVAQTDVDTLYIIYRDYTWAAQAYRWY,1
HEIRLECVYCK,YYAMYQENVAQTDVDTLYIIYRDYTWAAQAYRWY,1
HLDKKQRFHNI,YSAMYEEKVAHTDENIAYLMFHYYTWAVQAYTGY,1
HYNIVTFC,YSAMYEEKVAHTDENIAYLMFHYYTWAVQAYTGY,1
IHDIILECVY,YYAMYREISTNTYESNLYLRYDSYTWAEWAYLWY,1
ILECVYCKQQL,YFAMYGEKVAHTHVDTLYVRYHYYTWAVLAYTWY,1
ILQELLMGS,YFAMYGEKVAHTHVDTLYVRYHYYTWAVLAYTWY,1
IQQLLMGTV,YYAMYREISTNTYESNLYLRYDSYTWAEWAYLWY,1
ISEYRHYNY,YYAMYREISTNTYESNLYLRYDSYTWAEWAYLWY,1
ISEYRHYNY,YYAMYREISTNTYESNLYLRYDSYTWAEWAYLWY,1
ISEYRHYQY,YYAMYREISTNTYESNLYLRYDSYTWAEWAYLWY,1
ISEYRRYRY,YYAMYREISTNTYESNLYLRYDSYTWAEWAYLWY,1
IVYRDGNPF,YYAMYREISTNTYESNLYLRYDSYTWAEWAYLWY,1
IVYRDGNPYA,YYAMYREISTNTYESNLYLRYDSYTWAEWAYLWY,1
IVYRDGNPYAV,YYSEYRNIYAQTDESNLYLSYDYYTWAERAYEWY,1
IVYRDGNPYAV,YYAMYREISTNTYESNLYLRYDSYTWAEWAYLWY,1
IVYRDNNPY,YYAMYREISTNTYESNLYLRYDSYTWAEWAYLWY,1
IVYREGQPY,YYAMYREISTNTYESNLYLRYDSYTWAEWAYLWY,1
KCLKFYSKI,YFAMYQENVAQTDVDTLYIIYRDYTWAELAYTWY,1
KCLKFYSKI,YSAMYEEKVAHTDENIAYLMFHYYTWAVQAYTGY,1
KELQRREVY,YYAMYREISTNTYESNLYLRYDSYTWAEWAYLWY,1
KFYSKISEYR,YFAMYQENVAQTDVDTLYIIYRDYTWAELAYTWY,1
KFYSKISEYRH,YSAMYEEKVAHTDENIAYLMFHYYTWAVQAYTGY,1
KISEYRHY,YYAMYREISTNTYESNLYLRYDSYTWAEWAYLWY,1
KISEYRHYCY,YFAMYQENMAHTDANTLYIIYRDYTWVARVYRGY,1
KISEYRHYCY,YYAMYQENVAQTDVDTLYIIYRDYTWAAQAYRWY,1
KISEYRHYCY,YYAMYREISTNTYESNLYLRYDSYTWAEWAYLWY,1
KISEYRYYCYS,YFAMYGEKVAHTHVDTLYVRYHYYTWAVLAYTWY,1
KKQRFHNI,YSAMYEEKVAHTDENIAYLMFHYYTWAVQAYTGY,1
KLEDLLMGT,YFAMYGEKVAHTHVDTLYVRYHYYTWAVLAYTWY,1
KLHDLCNEV,YFAMYGEKVAHTHVDTLYVRYHYYTWAVLAYTWY,1
KLHELSSAL,YFAMYGEKVAHTHVDTLYVRYHYYTWAVLAYTWY,1
KLHELSSAL,YYAMYREISTNTYESNLYLRYDSYTWAEWAYLWY,1
KLPDLCTELQT,YFAMYGEKVAHTHVDTLYVRYHYYTWAVLAYTWY,1
KLPQLCTELQT,YFAMYGEKVAHTHVDTLYVRYHYYTWAVLAYTWY,1
KPLCDLLI,YYSEYRNIYAQTDESNLYLSYDYYTWAERAYEWY,1
KPLCDLLIRCI,YYSEYRNIYAQTDESNLYLSYDYYTWAERAYEWY,1
KPLQRSEVY,YYAMYREISTNTYESNLYLRYDSYTWAEWAYLWY,1
KQQLLRREVY,YYAMYREISTNTYESNLYLRYDSYTWAEWAYLWY,1
KQRFHNIRGR,YFAMYQENVAQTDVDTLYIIYRDYTWAELAYTWY,1
KQRFHNIRGRW,YYAMYREISTNTYESNLYLRYDSYTWAEWAYLWY,1
KTLQRSEVY,YYAMYREISTNTYESNLYLRYDSYTWAEWAYLWY,1
LCIVYRDGNPY,YYAMYREISTNTYESNLYLRYDSYTWAEWAYLWY,1
LEPEATDLY,YYAMYREISTNTYESNLYLRYDSYTWAEWAYLWY,1
LEQQYNKPL,YYSEYRNIYAQTDESNLYLSYDYYTWAERAYEWY,1
LFTDLRIVY,YYAMYREISTNTYESNLYLRYDSYTWAEWAYLWY,1
LGIVCPICSQK,YYAMYQENVAQTDVDTLYIIYRDYTWAAQAYRWY,1
LIRCINCQK,YFAMYQENVAQTDVDTLYIIYRDYTWAELAYTWY,1
LIRCINCQK,YYAMYQENVAQTDVDTLYIIYRDYTWAAQAYRWY,1
LIRCINCQKPL,YYSEYRNIYAQTDESNLYLSYDYYTWAERAYEWY,1
LKFYSKISEY,YFAMYQENMAHTDANTLYIIYRDYTWVARVYRGY,1
LKFYSKISEY,YYAMYREISTNTYESNLYLRYDSYTWAEWAYLWY,1
LLMGSFGIV,YFAMYGEKVAHTHVDTLYVRYHYYTWAVLAYTWY,1
LLMGTCTIV,YFAMYGEKVAHTHVDTLYVRYHYYTWAVLAYTWY,1
LLMGTCTIV,YYAMYREISTNTYESNLYLRYDSYTWAEWAYLWY,1
LLMGTFGIV,YFAMYGEKVAHTHVDTLYVRYHYYTWAVLAYTWY,1
LLMGTLGI,YYSEYRNIYAQTDESNLYLSYDYYTWAERAYEWY,1
LLMGTLGI,YYAMYREISTNTYESNLYLRYDSYTWAEWAYLWY,1
LLMGTLGIVC,YFAMYGEKVAHTHVDTLYVRYHYYTWAVLAYTWY,1
LLMGTLGIVC,YYAMYREISTNTYESNLYLRYDSYTWAEWAYLWY,1
LLMGTVNIV,YFAMYGEKVAHTHVDTLYVRYHYYTWAVLAYTWY,1
LLRREVYDFAF,YSAMYEEKVAHTDENIAYLMFHYYTWAVQAYTGY,1
LLRREVYDFAF,YYAMYREISTNTYESNLYLRYDSYTWAEWAYLWY,1
LPQLCTEL,YYSEYRNIYAQTDESNLYLSYDYYTWAERAYEWY,1
LPQLCTELQT,YYSEYRNIYAQTDESNLYLSYDYYTWAERAYEWY,1
LQELLMGSF,YYAMYREISTNTYESNLYLRYDSYTWAEWAYLWY,1
LQPEATDLY,YYAMYREISTNTYESNLYLRYDSYTWAEWAYLWY,1
LQPETTDLH,YYAMYREISTNTYESNLYLRYDSYTWAEWAYLWY,1
LQPETTDLYC,YYAMYREISTNTYESNLYLRYDSYTWAEWAYLWY,1
LQPETTDLYCY,YYAMYREISTNTYESNLYLRYDSYTWAEWAYLWY,1
LQQMLLGTL,YYAMYREISTNTYESNLYLRYDSYTWAEWAYLWY,1
LQRREVYKF,YYAMYREISTNTYESNLYLRYDSYTWAEWAYLWY,1
LQRSEVYDF,YYAMYREISTNTYESNLYLRYDSYTWAEWAYLWY,1
LQRSEVYDF,YYAMYREISTNTYESNLYLRYDSYTWAEWAYLWY,1
LQRSEVYDF,YYAMYREISTNTYESNLYLRYDSYTWAEWAYLWY,1
LRREVYDFAF,YYAMYREISTNTYESNLYLRYDSYTWAEWAYLWY,1
LSSALEIPY,YYAMYREISTNTYESNLYLRYDSYTWAEWAYLWY,1
LYGTTLEQQY,YSAMYEEKVAHTDENIAYLMFHYYTWAVQAYTGY,1
LYPEPTDLY,YYAMYREISTNTYESNLYLRYDSYTWAEWAYLWY,1
MFQDPQERPRK,YFAMYQENVAQTDVDTLYIIYRDYTWAELAYTWY,1
MGTLGIVCPI,YFAMYGEKVAHTHVDTLYVRYHYYTWAVLAYTWY,1
MLLGTLQVV,YFAMYGEKVAHTHVDTLYVRYHYYTWAVLAYTWY,1
NIRGRWTGRCM,YYSEYRNIYAQTDESNLYLSYDYYTWAERAYEWY,1
NIRGRWTGRCM,YYAMYREISTNTYESNLYLRYDSYTWAEWAYLWY,1
NPYAVCDKCLK,YYAMYQENVAQTDVDTLYIIYRDYTWAAQAYRWY,1
NYYIVTCCY,YYAMYREISTNTYESNLYLRYDSYTWAEWAYLWY,1
PLSEITIRC,YFAMYGEKVAHTHVDTLYVRYHYYTWAVLAYTWY,1
PYAVCDKCLK,YYAMYQENVAQTDVDTLYIIYRDYTWAAQAYRWY,1
PYAVCDKCLK,YSAMYEEKVAHTDENIAYLMFHYYTWAVQAYTGY,1
PYAVCDKCLKF,YSAMYEEKVAHTDENIAYLMFHYYTWAVQAYTGY,1
QAEPDTSNY,YYAMYREISTNTYESNLYLRYDSYTWAEWAYLWY,1
QAEQATSNY,YYAMYREISTNTYESNLYLRYDSYTWAEWAYLWY,1
QAKPDTSNY,YYAMYREISTNTYESNLYLRYDSYTWAEWAYLWY,1
QAQPATADY,YYAMYREISTNTYESNLYLRYDSYTWAEWAYLWY,1
QAQPATANY,YYAMYREISTNTYESNLYLRYDSYTWAEWAYLWY,1
QELQRSEVY,YYAMYREISTNTYESNLYLRYDSYTWAEWAYLWY,1
QLLMGTCTI,YFAMYGEKVAHTHVDTLYVRYHYYTWAVLAYTWY,1
QLLMGTVNI,YFAMYGEKVAHTHVDTLYVRYHYYTWAVLAYTWY,1
QLLRREVY,YYAMYREISTNTYESNLYLRYDSYTWAEWAYLWY,1
QLLRREVYDF,YYAMYREISTNTYESNLYLRYDSYTWAEWAYLWY,1
QMLLGTLQV,YFAMYGEKVAHTHVDTLYVRYHYYTWAVLAYTWY,1
QYNKPLCDLL,YSAMYEEKVAHTDENIAYLMFHYYTWAVQAYTGY,1
QYNKPLCDLLI,YSAMYEEKVAHTDENIAYLMFHYYTWAVQAYTGY,1
RCMSCCRSSR,YYAMYQENVAQTDVDTLYIIYRDYTWAAQAYRWY,1
RCMSCCRSSR,YYSEYRNIYAQTDESNLYLSYDYYTWAERAYEWY,1
REVYDFAF,YSAMYEEKVAHTDENIAYLMFHYYTWAVQAYTGY,1
RFLSKISEY,YYAMYREISTNTYESNLYLRYDSYTWAEWAYLWY,1
RFLSKISEY,YYAMYREISTNTYESNLYLRYDSYTWAEWAYLWY,1
RFYSKVSEF,YYAMYREISTNTYESNLYLRYDSYTWAEWAYLWY,1
RGRWTGRCM,YYSEYRNIYAQTDESNLYLSYDYYTWAERAYEWY,1
RGRWTGRCM,YYAMYREISTNTYESNLYLRYDSYTWAEWAYLWY,1
RHYCYSLY,YFAMYQENVAQTDVDTLYIIYRDYTWAELAYTWY,1
RHYCYSLY,YYAMYREISTNTYESNLYLRYDSYTWAEWAYLWY,1
RHYCYSVY,YYAMYREISTNTYESNLYLRYDSYTWAEWAYLWY,1
RHYCYSVYGTT,YFAMYQENVAQTDVDTLYIIYRDYTWAELAYTWY,1
RLLSKISEY,YYAMYREISTNTYESNLYLRYDSYTWAEWAYLWY,1
RPRKLPQLCT,YYSEYRNIYAQTDESNLYLSYDYYTWAERAYEWY,1
RPRKLPQLCTE,YYSEYRNIYAQTDESNLYLSYDYYTWAERAYEWY,1
RPTKLPQLCTE,YYSEYRNIYAQTDESNLYLSYDYYTWAERAYEWY,1
RSSRTRRETQL,YYSEYRNIYAQTDESNLYLSYDYYTWAERAYEWY,1
RTRRETQL,YYSEYRNIYAQTDESNLYLSYDYYTWAERAYEWY,1
RYYCYSLYGT,YFAMYGEKVAHTHVDTLYVRYHYYTWAVLAYTWY,1
SEVYDFACY,YYAMYREISTNTYESNLYLRYDSYTWAEWAYLWY,1
SEYRHYCY,YYAMYREISTNTYESNLYLRYDSYTWAEWAYLWY,1
SEYRHYCYSL,YSAMYEEKVAHTDENIAYLMFHYYTWAVQAYTGY,1
SEYRHYCYSLY,YFAMYQENMAHTDANTLYIIYRDYTWVARVYRGY,1
SEYRHYCYSLY,YYAMYREISTNTYESNLYLRYDSYTWAEWAYLWY,1
SEYRHYCYSVY,YSAMYEEKVAHTDENIAYLMFHYYTWAVQAYTGY,1
SEYRHYCYSVY,YYAMYREISTNTYESNLYLRYDSYTWAEWAYLWY,1
SEYRYYCYSL,YFAMYGEKVAHTHVDTLYVRYHYYTWAVLAYTWY,1
SEYRYYCYSV,YFAMYGEKVAHTHVDTLYVRYHYYTWAVLAYTWY,1
SKISEYRHY,YYAMYREISTNTYESNLYLRYDSYTWAEWAYLWY,1
SKISEYRHYCY,YFAMYQENMAHTDANTLYIIYRDYTWVARVYRGY,1
SKISEYRHYCY,YYAMYREISTNTYESNLYLRYDSYTWAEWAYLWY,1
SLYGDTLEQ,YFAMYGEKVAHTHVDTLYVRYHYYTWAVLAYTWY,1
SLYGTTLEQ,YFAMYGEKVAHTHVDTLYVRYHYYTWAVLAYTWY,1
SLYGTTLEQQY,YYAMYREISTNTYESNLYLRYDSYTWAEWAYLWY,1
SVYGTTLEQQY,YYAMYREISTNTYESNLYLRYDSYTWAEWAYLWY,1
TFCCKCDF,YSAMYEEKVAHTDENIAYLMFHYYTWAVQAYTGY,1
TFCCKCDFTL,YSAMYEEKVAHTDENIAYLMFHYYTWAVQAYTGY,1
TFCCKCDFTLR,YYAMYQENVAQTDVDTLYIIYRDYTWAAQAYRWY,1
TFCCKCDSTL,YSAMYEEKVAHTDENIAYLMFHYYTWAVQAYTGY,1
TIHDIILECVY,YYAMYREISTNTYESNLYLRYDSYTWAEWAYLWY,1
TIHEIILEC,YFAMYGEKVAHTHVDTLYVRYHYYTWAVLAYTWY,1
TIHEIILECV,YFAMYGEKVAHTHVDTLYVRYHYYTWAVLAYTWY,1
TIHEIRLECV,YFAMYGEKVAHTHVDTLYVRYHYYTWAVLAYTWY,1
TIKDYILDL,YFAMYGEKVAHTHVDTLYVRYHYYTWAVLAYTWY,1
TLEQQYNK,YYAMYQENVAQTDVDTLYIIYRDYTWAAQAYRWY,1
TLHDLCQAL,YFAMYGEKVAHTHVDTLYVRYHYYTWAVLAYTWY,1
TLHDLCQAL,YYAMYREISTNTYESNLYLRYDSYTWAEWAYLWY,1
TLHDLCQAL,YFAMYGEKVAHTHVDTLYVRYHYYTWAVLAYTWY,1
TLHDLCQAL,YYAMYREISTNTYESNLYLRYDSYTWAEWAYLWY,1
TLHELCEVL,YFAMYGEKVAHTHVDTLYVRYHYYTWAVLAYTWY,1
TLHELCEVL,YYAMYREISTNTYESNLYLRYDSYTWAEWAYLWY,1
TLKEYVLDL,YFAMYGEKVAHTHVDTLYVRYHYYTWAVLAYTWY,1
TLQDYVLDL,YFAMYGEKVAHTHVDTLYVRYHYYTWAVLAYTWY,1
TLQDYVLDL,YFAMYGEKVAHTHVDTLYVRYHYYTWAVLAYTWY,1
TLQQLLMGT,YFAMYGEKVAHTHVDTLYVRYHYYTWAVLAYTWY,1
TLREYILDL,YFAMYGEKVAHTHVDTLYVRYHYYTWAVLAYTWY,1
TPTLHEYM,YYSEYRNIYAQTDESNLYLSYDYYTWAERAYEWY,1
TPTLHEYMLD,YYSEYRNIYAQTDESNLYLSYDYYTWAERAYEWY,1
TSNYYIVTY,YYAMYREISTNTYESNLYLRYDSYTWAEWAYLWY,1
TTIHDIILECV,YFAMYGEKVAHTHVDTLYVRYHYYTWAVLAYTWY,1
TTIHEIILECV,YFAMYGEKVAHTHVDTLYVRYHYYTWAVLAYTWY,1
TTIHEIRLECV,YFAMYGEKVAHTHVDTLYVRYHYYTWAVLAYTWY,1
VCDKCLKFYSK,YYAMYQENVAQTDVDTLYIIYRDYTWAAQAYRWY,1
VFADLRIVY,YYAMYREISTNTYESNLYLRYDSYTWAEWAYLWY,1
VLEESVHEI,YFAMYGEKVAHTHVDTLYVRYHYYTWAVLAYTWY,1
VQSTHVDI,YSAMYEEKVAHTDENIAYLMFHYYTWAVQAYTGY,1
VVYREGNPF,YYAMYREISTNTYESNLYLRYDSYTWAEWAYLWY,1
VYCKQQLL,YSAMYEEKVAHTDENIAYLMFHYYTWAVQAYTGY,1
VYCKQQLLR,YSAMYEEKVAHTDENIAYLMFHYYTWAVQAYTGY,1
VYCKQQLLRR,YSAMYEEKVAHTDENIAYLMFHYYTWAVQAYTGY,1
VYDFAFRDLC,YSAMYEEKVAHTDENIAYLMFHYYTWAVQAYTGY,1
VYDFAFRDLCI,YSAMYEEKVAHTDENIAYLMFHYYTWAVQAYTGY,1
VYGTTLEQ,YSAMYEEKVAHTDENIAYLMFHYYTWAVQAYTGY,1
VYGTTLEQQY,YSAMYEEKVAHTDENIAYLMFHYYTWAVQAYTGY,1
VYRDGNPY,YYAMYREISTNTYESNLYLRYDSYTWAEWAYLWY,1
VYRDGNPYGV,YSAMYEEKVAHTDENIAYLMFHYYTWAVQAYTGY,1
WTGRCMSCCR,YYAMYQENVAQTDVDTLYIIYRDYTWAAQAYRWY,1
YAVCDKCLKF,YSAMYEEKVAHTDENIAYLMFHYYTWAVQAYTGY,1
YAVCDKCLKFY,YFAMYQENMAHTDANTLYIIYRDYTWVARVYRGY,1
YAVCDKCLKFY,YYAMYQENVAQTDVDTLYIIYRDYTWAAQAYRWY,1
YAVCDKCLKFY,YYAMYREISTNTYESNLYLRYDSYTWAEWAYLWY,1
YCYSLYGTTLE,YSAMYEEKVAHTDENIAYLMFHYYTWAVQAYTGY,1
YCYSVYGTTL,YSAMYEEKVAHTDENIAYLMFHYYTWAVQAYTGY,1
YDFAFRDLCI,YSAMYEEKVAHTDENIAYLMFHYYTWAVQAYTGY,1
YGTTLEQQY,YYAMYREISTNTYESNLYLRYDSYTWAEWAYLWY,1
YGTTLEQQYNK,YYAMYQENVAQTDVDTLYIIYRDYTWAAQAYRWY,1
YILDLQPET,YFAMYGEKVAHTHVDTLYVRYHYYTWAVLAYTWY,1
YNIVTFCCK,YYAMYQENVAQTDVDTLYIIYRDYTWAAQAYRWY,1
YRHYCYSLY,YYAMYREISTNTYESNLYLRYDSYTWAEWAYLWY,1
YRHYCYSLY,YYAMYREISTNTYESNLYLRYDSYTWAEWAYLWY,1
YRHYCYSVY,YYAMYREISTNTYESNLYLRYDSYTWAEWAYLWY,1
YRHYNYSLY,YYAMYREISTNTYESNLYLRYDSYTWAEWAYLWY,1
YRHYNYSVY,YYAMYREISTNTYESNLYLRYDSYTWAEWAYLWY,1
YRHYQYSLY,YYAMYREISTNTYESNLYLRYDSYTWAEWAYLWY,1
YRRYRYSVY,YYAMYREISTNTYESNLYLRYDSYTWAEWAYLWY,1
YRYYCYSL,YFAMYGEKVAHTHVDTLYVRYHYYTWAVLAYTWY,1
YRYYCYSV,YFAMYGEKVAHTHVDTLYVRYHYYTWAVLAYTWY,1
YSKISEYRHY,YYAMYREISTNTYESNLYLRYDSYTWAEWAYLWY,1
YSLYGTTL,YSAMYEEKVAHTDENIAYLMFHYYTWAVQAYTGY,1
YSVYGTTL,YSAMYEEKVAHTDENIAYLMFHYYTWAVQAYTGY,1
YTCGTTVRL,YFAMYGEKVAHTHVDTLYVRYHYYTWAVLAYTWY,1
YVLDLEPEA,YFAMYGEKVAHTHVDTLYVRYHYYTWAVLAYTWY,1
YVLDLQPEA,YFAMYGEKVAHTHVDTLYVRYHYYTWAVLAYTWY,1
AEPDRAHY,YYAMYREISTNTYESNLYLRYDSYTWAEWAYLWY,0
AFRDLCIVY,YFAMYQENMAHTDANTLYIIYRDYTWVARVYRGY,0
AFRDLCIVY,YFAMYGEKVAHTHVDTLYVRYHYYTWAVLAYTWY,0
AFRDLCIVYR,YFAMYQENVAQTDVDTLYIIYRDYTWAELAYTWY,0
AFRDLCIVYRD,YYAMYQENVAQTDVDTLYIIYRDYTWAAQAYRWY,0
AGQAEPDRA,YYAMYQENVAQTDVDTLYIIYRDYTWAAQAYRWY,0
AGQAEPDRAH,YYAMYREISTNTYESNLYLRYDSYTWAEWAYLWY,0
AGQAEPDRAHY,YFAMYQENMAHTDANTLYIIYRDYTWVARVYRGY,0
AVCDKCLKF,YFAMYQENVAQTDVDTLYIIYRDYTWAELAYTWY,0
AVCDKCLKFYS,YFAMYGEKVAHTHVDTLYVRYHYYTWAVLAYTWY,0
CDKCLKFYSK,YFAMYQENVAQTDVDTLYIIYRDYTWAELAYTWY,0
CDKCLKFYSK,YYAMYQENVAQTDVDTLYIIYRDYTWAAQAYRWY,0
CKCDSTLRLCV,YFAMYGEKVAHTHVDTLYVRYHYYTWAVLAYTWY,0
CLKFYSKISE,YYAMYREISTNTYESNLYLRYDSYTWAEWAYLWY,0
CLKFYSKISEY,YFAMYQENMAHTDANTLYIIYRDYTWVARVYRGY,0
CLKFYSKISEY,YFAMYQENVAQTDVDTLYIIYRDYTWAELAYTWY,0
CLKFYSKISEY,YSAMYEEKVAHTDENIAYLMFHYYTWAVQAYTGY,0
CMSCCRSSR,YFAMYGEKVAHTHVDTLYVRYHYYTWAVLAYTWY,0
CMSCCRSSR,YFAMYQENVAQTDVDTLYIIYRDYTWAELAYTWY,0
CMSCCRSSR,YYAMYQENVAQTDVDTLYIIYRDYTWAAQAYRWY,0
CMSCCRSSR,YYAMYREISTNTYESNLYLRYDSYTWAEWAYLWY,0
CMSCCRSSRTR,YFAMYQENVAQTDVDTLYIIYRDYTWAELAYTWY,0
CMSCCRSSRTR,YYAMYQENVAQTDVDTLYIIYRDYTWAAQAYRWY,0
CPEEKQRHLD,YYSEYRNIYAQTDESNLYLSYDYYTWAERAYEWY,0
CPEEKQRHLDK,YYAMYQENVAQTDVDTLYIIYRDYTWAAQAYRWY,0
CQKPLCPEEK,YFAMYQENVAQTDVDTLYIIYRDYTWAELAYTWY,0
CQKPLCPEEK,YYAMYQENVAQTDVDTLYIIYRDYTWAAQAYRWY,0
CQKPLCPEEK,YYAMYREISTNTYESNLYLRYDSYTWAEWAYLWY,0
CTELQTTIHDI,YFAMYQENMAHTDANTLYIIYRDYTWVARVYRGY,0
CTELQTTIHDI,YFAMYQENVAQTDVDTLYIIYRDYTWAELAYTWY,0
CTELQTTIHDI,YYAMYQENVAQTDVDTLYIIYRDYTWAAQAYRWY,0
CTELQTTIHEI,YYAMYQENVAQTDVDTLYIIYRDYTWAAQAYRWY,0
CVYCKQQL,YFAMYGEKVAHTHVDTLYVRYHYYTWAVLAYTWY,0
CVYCKQQL,YYAMYQENVAQTDVDTLYIIYRDYTWAAQAYRWY,0
CVYCKQQL,YYSEYRNIYAQTDESNLYLSYDYYTWAERAYEWY,0
CVYCKQQL,YYAMYREISTNTYESNLYLRYDSYTWAEWAYLWY,0
CVYCKQQLL,YFAMYGEKVAHTHVDTLYVRYHYYTWAVLAYTWY,0
CVYCKQQLL,YFAMYQENVAQTDVDTLYIIYRDYTWAELAYTWY,0
CYEQFNDSS,YSAMYEEKVAHTDENIAYLMFHYYTWAVQAYTGY,0
CYEQLNDSSE,YSAMYEEKVAHTDENIAYLMFHYYTWAVQAYTGY,0
CYEQLSDSSE,YSAMYEEKVAHTDENIAYLMFHYYTWAVQAYTGY,0
CYEQLSDSSEE,YSAMYEEKVAHTDENIAYLMFHYYTWAVQAYTGY,0
DEIDGPAG,YYAMYQENVAQTDVDTLYIIYRDYTWAAQAYRWY,0
DFAFRDLCIV,YSAMYEEKVAHTDENIAYLMFHYYTWAVQAYTGY,0
DFAFRDLCIV,YYAMYREISTNTYESNLYLRYDSYTWAEWAYLWY,0
DFAFRDLCIVY,YFAMYQENMAHTDANTLYIIYRDYTWVARVYRGY,0
DFAFRDLCIVY,YSAMYEEKVAHTDENIAYLMFHYYTWAVQAYTGY,0
DGNPYAVCDKC,YYAMYQENVAQTDVDTLYIIYRDYTWAAQAYRWY,0
DGPAGQAEPDR,YYSEYRNIYAQTDESNLYLSYDYYTWAERAYEWY,0
DIILECVY,YYAMYREISTNTYESNLYLRYDSYTWAEWAYLWY,0
DIILECVYCKQ,YYAMYQENVAQTDVDTLYIIYRDYTWAAQAYRWY,0
DIRTLEDLL,YFAMYGEKVAHTHVDTLYVRYHYYTWAVLAYTWY,0
DKCLKFYS,YFAMYGEKVAHTHVDTLYVRYHYYTWAVLAYTWY,0
DLCTELQTTI,YFAMYGEKVAHTHVDTLYVRYHYYTWAVLAYTWY,0
DLLIRCINCQK,YFAMYGEKVAHTHVDTLYVRYHYYTWAVLAYTWY,0
DLLIRCINCQK,YFAMYQENVAQTDVDTLYIIYRDYTWAELAYTWY,0
DLQPETTDLY,YFAMYQENVAQTDVDTLYIIYRDYTWAELAYTWY,0
DLQPETTDLY,YYAMYREISTNTYESNLYLRYDSYTWAEWAYLWY,0
DPQERPRKL,YSAMYEEKVAHTDENIAYLMFHYYTWAVQAYTGY,0
DPQERPTKL,YYSEYRNIYAQTDESNLYLSYDYYTWAERAYEWY,0
DRAHYNIVTF,YYAMYREISTNTYESNLYLRYDSYTWAEWAYLWY,0
ECVYCKQQLLR,YSAMYEEKVAHTDENIAYLMFHYYTWAVQAYTGY,0
ELQTTIHDII,YYAMYREISTNTYESNLYLRYDSYTWAEWAYLWY,0
ELQTTIHEIIL,YFAMYGEKVAHTHVDTLYVRYHYYTWAVLAYTWY,0
EPDRAHYN,YYSEYRNIYAQTDESNLYLSYDYYTWAERAYEWY,0
EVYDFAFR,YFAMYQENVAQTDVDTLYIIYRDYTWAELAYTWY,0
EVYDFAFRDL,YFAMYQENVAQTDVDTLYIIYRDYTWAELAYTWY,0
EVYDFAFRDLC,YSAMYEEKVAHTDENIAYLMFHYYTWAVQAYTGY,0
EYMLDLQPETT,YFAMYGEKVAHTHVDTLYVRYHYYTWAVLAYTWY,0
EYMLDLQPETT,YSAMYEEKVAHTDENIAYLMFHYYTWAVQAYTGY,0
EYRHYCYSVY,YYAMYREISTNTYESNLYLRYDSYTWAEWAYLWY,0
FAFRDLCIVY,YFAMYQENMAHTDANTLYIIYRDYTWVARVYRGY,0
FAFRDLCIVY,YFAMYGEKVAHTHVDTLYVRYHYYTWAVLAYTWY,0
FAFRDLCIVY,YFAMYQENVAQTDVDTLYIIYRDYTWAELAYTWY,0
FAFRDLCIVY,YYAMYQENVAQTDVDTLYIIYRDYTWAAQAYRWY,0
FQDPQERPRKL,YFAMYGEKVAHTHVDTLYVRYHYYTWAVLAYTWY,0
FRDLCIVY,YFAMYQENMAHTDANTLYIIYRDYTWVARVYRGY,0
FRDLCIVY,YYAMYQENVAQTDVDTLYIIYRDYTWAAQAYRWY,0
FYSKISEYR,YYAMYQENVAQTDVDTLYIIYRDYTWAAQAYRWY,0
FYSKISEYR,YSAMYEEKVAHTDENIAYLMFHYYTWAVQAYTGY,0
FYSKISEYRHY,YFAMYQENMAHTDANTLYIIYRDYTWVARVYRGY,0
GIVCPICS,YFAMYGEKVAHTHVDTLYVRYHYYTWAVLAYTWY,0
GIVCPICS,YYAMYQENVAQTDVDTLYIIYRDYTWAAQAYRWY,0
GIVCPICSQKP,YYAMYQENVAQTDVDTLYIIYRDYTWAAQAYRWY,0
GNPYAVCDK,YYAMYQENVAQTDVDTLYIIYRDYTWAAQAYRWY,0
GNPYAVCDKCL,YSAMYEEKVAHTDENIAYLMFHYYTWAVQAYTGY,0
GPAGQAEPD,YYSEYRNIYAQTDESNLYLSYDYYTWAERAYEWY,0
GTTLEQQY,YYAMYQENVAQTDVDTLYIIYRDYTWAAQAYRWY,0
HDIILECVY,YFAMYQENMAHTDANTLYIIYRDYTWVARVYRGY,0
HLDKKQRFHNI,YFAMYGEKVAHTHVDTLYVRYHYYTWAVLAYTWY,0
HNIRGRWTGR,YFAMYQENVAQTDVDTLYIIYRDYTWAELAYTWY,0
HVDIRTLEDL,YFAMYGEKVAHTHVDTLYVRYHYYTWAVLAYTWY,0
HYCYSLYGTT,YSAMYEEKVAHTDENIAYLMFHYYTWAVQAYTGY,0
HYCYSLYGTTL,YYAMYQENVAQTDVDTLYIIYRDYTWAAQAYRWY,0
HYCYSVYGT,YSAMYEEKVAHTDENIAYLMFHYYTWAVQAYTGY,0
HYCYSVYGTT,YSAMYEEKVAHTDENIAYLMFHYYTWAVQAYTGY,0
HYCYSVYGTTL,YSAMYEEKVAHTDENIAYLMFHYYTWAVQAYTGY,0
HYNIVTFCCK,YFAMYQENVAQTDVDTLYIIYRDYTWAELAYTWY,0
HYNIVTFCCK,YYAMYQENVAQTDVDTLYIIYRDYTWAAQAYRWY,0
HYNIVTFCCK,YSAMYEEKVAHTDENIAYLMFHYYTWAVQAYTGY,0
IHDIILECVY,YFAMYQENMAHTDANTLYIIYRDYTWVARVYRGY,0
IILECVYC,YFAMYGEKVAHTHVDTLYVRYHYYTWAVLAYTWY,0
IILECVYCKQ,YYAMYQENVAQTDVDTLYIIYRDYTWAAQAYRWY,0
IILECVYCKQ,YYAMYREISTNTYESNLYLRYDSYTWAEWAYLWY,0
IILECVYCKQQ,YFAMYGEKVAHTHVDTLYVRYHYYTWAVLAYTWY,0
IKLPDLCTEL,YFAMYGEKVAHTHVDTLYVRYHYYTWAVLAYTWY,0
ILECVYCK,YFAMYGEKVAHTHVDTLYVRYHYYTWAVLAYTWY,0
ILECVYCK,YFAMYQENVAQTDVDTLYIIYRDYTWAELAYTWY,0
IRCINCQK,YYAMYQENVAQTDVDTLYIIYRDYTWAAQAYRWY,0
IVCPICSQKP,YFAMYQENVAQTDVDTLYIIYRDYTWAELAYTWY,0
IVCPICSQKP,YYAMYQENVAQTDVDTLYIIYRDYTWAAQAYRWY,0
IVCPICSQKP,YYAMYREISTNTYESNLYLRYDSYTWAEWAYLWY,0
IVYRDGNPYA,YFAMYGEKVAHTHVDTLYVRYHYYTWAVLAYTWY,0
IVYRDGNPYA,YFAMYQENVAQTDVDTLYIIYRDYTWAELAYTWY,0
IVYRDGNPYA,YSAMYEEKVAHTDENIAYLMFHYYTWAVQAYTGY,0
IVYRDGNPYAV,YFAMYGEKVAHTHVDTLYVRYHYYTWAVLAYTWY,0
KCLKFYSK,YFAMYQENVAQTDVDTLYIIYRDYTWAELAYTWY,0
KCLKFYSK,YYAMYQENVAQTDVDTLYIIYRDYTWAAQAYRWY,0
KCLKFYSKI,YFAMYGEKVAHTHVDTLYVRYHYYTWAVLAYTWY,0
KFYSKISEYR,YYAMYQENVAQTDVDTLYIIYRDYTWAAQAYRWY,0
KFYSKISEYRH,YFAMYQENVAQTDVDTLYIIYRDYTWAELAYTWY,0
KFYSKISEYRH,YYAMYQENVAQTDVDTLYIIYRDYTWAAQAYRWY,0
KISEYRHY,YFAMYQENVAQTDVDTLYIIYRDYTWAELAYTWY,0
KISEYRHY,YYAMYQENVAQTDVDTLYIIYRDYTWAAQAYRWY,0
KISEYRHYCY,YFAMYQENVAQTDVDTLYIIYRDYTWAELAYTWY,0
KISEYRHYCYS,YYAMYQENVAQTDVDTLYIIYRDYTWAAQAYRWY,0
KKQRFHNIRG,YSAMYEEKVAHTDENIAYLMFHYYTWAVQAYTGY,0
KKQRFHNIRGR,YSAMYEEKVAHTDENIAYLMFHYYTWAVQAYTGY,0
KLPQLCTE,YYAMYQENVAQTDVDTLYIIYRDYTWAAQAYRWY,0
KPLCDLLIRCI,YFAMYGEKVAHTHVDTLYVRYHYYTWAVLAYTWY,0
KPLCPEEK,YYAMYQENVAQTDVDTLYIIYRDYTWAAQAYRWY,0
KQRFHNIR,YFAMYQENVAQTDVDTLYIIYRDYTWAELAYTWY,0
KQRFHNIR,YYAMYQENVAQTDVDTLYIIYRDYTWAAQAYRWY,0
KQRFHNIRGR,YYAMYQENVAQTDVDTLYIIYRDYTWAAQAYRWY,0
KQRFHNIRGRW,YFAMYQENVAQTDVDTLYIIYRDYTWAELAYTWY,0
KQRHLDKK,YFAMYQENVAQTDVDTLYIIYRDYTWAELAYTWY,0
KQRHLDKK,YYAMYQENVAQTDVDTLYIIYRDYTWAAQAYRWY,0
KQRHLDKK,YYAMYREISTNTYESNLYLRYDSYTWAEWAYLWY,0
KQRHLDKKQRF,YFAMYQENVAQTDVDTLYIIYRDYTWAELAYTWY,0
LCIVYRDGNPY,YFAMYQENMAHTDANTLYIIYRDYTWVARVYRGY,0
LCVQSTHVDIR,YFAMYGEKVAHTHVDTLYVRYHYYTWAVLAYTWY,0
LCVQSTHVDIR,YSAMYEEKVAHTDENIAYLMFHYYTWAVQAYTGY,0
LDKKQRFHNI,YSAMYEEKVAHTDENIAYLMFHYYTWAVQAYTGY,0
LECVYCKQQLL,YFAMYGEKVAHTHVDTLYVRYHYYTWAVLAYTWY,0
LEQQYNKPL,YYAMYREISTNTYESNLYLRYDSYTWAEWAYLWY,0
LGIVCPICSQ,YYAMYREISTNTYESNLYLRYDSYTWAEWAYLWY,0
LGIVCPICSQK,YFAMYQENVAQTDVDTLYIIYRDYTWAELAYTWY,0
LIRCINCQK,YYAMYREISTNTYESNLYLRYDSYTWAEWAYLWY,0
LIRCINCQKPL,YYAMYREISTNTYESNLYLRYDSYTWAEWAYLWY,0
LKFYSKIS,YFAMYGEKVAHTHVDTLYVRYHYYTWAVLAYTWY,0
LKFYSKISEY,YFAMYQENVAQTDVDTLYIIYRDYTWAELAYTWY,0
LKFYSKISEYR,YYAMYQENVAQTDVDTLYIIYRDYTWAAQAYRWY,0
LLIRCINCQ,YFAMYGEKVAHTHVDTLYVRYHYYTWAVLAYTWY,0
LLIRCINCQ,YFAMYQENVAQTDVDTLYIIYRDYTWAELAYTWY,0
LLIRCINCQ,YYAMYREISTNTYESNLYLRYDSYTWAEWAYLWY,0
LLMGTLGIVC,YFAMYQENVAQTDVDTLYIIYRDYTWAELAYTWY,0
LLMGTLGIVC,YSAMYEEKVAHTDENIAYLMFHYYTWAVQAYTGY,0
LLRREVYDFA,YFAMYGEKVAHTHVDTLYVRYHYYTWAVLAYTWY,0
LLRREVYDFA,YFAMYQENVAQTDVDTLYIIYRDYTWAELAYTWY,0
LLRREVYDFAF,YFAMYGEKVAHTHVDTLYVRYHYYTWAVLAYTWY,0
LMGTLGIV,YFAMYGEKVAHTHVDTLYVRYHYYTWAVLAYTWY,0
LMGTLGIVCP,YFAMYGEKVAHTHVDTLYVRYHYYTWAVLAYTWY,0
LPQLCTELQ,YYSEYRNIYAQTDESNLYLSYDYYTWAERAYEWY,0
LPQLCTELQTT,YYSEYRNIYAQTDESNLYLSYDYYTWAERAYEWY,0
LQPETTDLYCY,YFAMYQENMAHTDANTLYIIYRDYTWVARVYRGY,0
LQPETTDLYCY,YFAMYGEKVAHTHVDTLYVRYHYYTWAVLAYTWY,0
LQTTIHDIIL,YYAMYREISTNTYESNLYLRYDSYTWAEWAYLWY,0
LRREVYDFAF,YSAMYEEKVAHTDENIAYLMFHYYTWAVQAYTGY,0
LYCYEQFND,YSAMYEEKVAHTDENIAYLMFHYYTWAVQAYTGY,0
LYCYEQFNDS,YSAMYEEKVAHTDENIAYLMFHYYTWAVQAYTGY,0
LYCYEQLNDS,YSAMYEEKVAHTDENIAYLMFHYYTWAVQAYTGY,0
LYGTTLEQQY,YFAMYQENMAHTDANTLYIIYRDYTWVARVYRGY,0
LYGTTLEQQY,YYAMYREISTNTYESNLYLRYDSYTWAEWAYLWY,0
MLDLQPETTD,YYAMYREISTNTYESNLYLRYDSYTWAEWAYLWY,0
MLDLQPETTDL,YFAMYGEKVAHTHVDTLYVRYHYYTWAVLAYTWY,0
MSCCRSSR,YFAMYQENVAQTDVDTLYIIYRDYTWAELAYTWY,0
MSCCRSSR,YYAMYQENVAQTDVDTLYIIYRDYTWAAQAYRWY,0
MSCCRSSR,YYAMYREISTNTYESNLYLRYDSYTWAEWAYLWY,0
MSCCRSSRTRR,YFAMYQENVAQTDVDTLYIIYRDYTWAELAYTWY,0
NIRGRWTGR,YFAMYQENVAQTDVDTLYIIYRDYTWAELAYTWY,0
NIRGRWTGR,YYAMYQENVAQTDVDTLYIIYRDYTWAAQAYRWY,0
NIRGRWTGRCM,YFAMYQENMAHTDANTLYIIYRDYTWVARVYRGY,0
NIVTFCCK,YFAMYQENVAQTDVDTLYIIYRDYTWAELAYTWY,0
NPYAVCDKCL,YSAMYEEKVAHTDENIAYLMFHYYTWAVQAYTGY,0
NPYAVCDKCL,YYSEYRNIYAQTDESNLYLSYDYYTWAERAYEWY,0
NPYAVCDKCLK,YYSEYRNIYAQTDESNLYLSYDYYTWAERAYEWY,0
PAGQAEPDRA,YYAMYQENVAQTDVDTLYIIYRDYTWAAQAYRWY,0
PLCDLLIRCI,YFAMYGEKVAHTHVDTLYVRYHYYTWAVLAYTWY,0
PLCPEEKQR,YFAMYQENVAQTDVDTLYIIYRDYTWAELAYTWY,0
PLCPEEKQR,YYAMYQENVAQTDVDTLYIIYRDYTWAAQAYRWY,0
PQLCTELQTT,YYAMYREISTNTYESNLYLRYDSYTWAEWAYLWY,0
PQLCTELQTTI,YFAMYGEKVAHTHVDTLYVRYHYYTWAVLAYTWY,0
PTLHEYML,YYSEYRNIYAQTDESNLYLSYDYYTWAERAYEWY,0
PTLHEYMLDL,YFAMYGEKVAHTHVDTLYVRYHYYTWAVLAYTWY,0
QAEPDRAHY,YFAMYQENVAQTDVDTLYIIYRDYTWAELAYTWY,0
QAEPDRAHY,YYAMYREISTNTYESNLYLRYDSYTWAEWAYLWY,0
QERPIKLPDL,YFAMYGEKVAHTHVDTLYVRYHYYTWAVLAYTWY,0
QERPRKLPQL,YYSEYRNIYAQTDESNLYLSYDYYTWAERAYEWY,0
QERPTKLPQL,YFAMYGEKVAHTHVDTLYVRYHYYTWAVLAYTWY,0
QLCTELQTTI,YFAMYGEKVAHTHVDTLYVRYHYYTWAVLAYTWY,0
QLCTELQTTI,YFAMYQENVAQTDVDTLYIIYRDYTWAELAYTWY,0
QLCTELQTTI,YYAMYREISTNTYESNLYLRYDSYTWAEWAYLWY,0
QLLRREVY,YFAMYQENVAQTDVDTLYIIYRDYTWAELAYTWY,0
QLLRREVYD,YFAMYQENVAQTDVDTLYIIYRDYTWAELAYTWY,0
QLLRREVYDF,YFAMYGEKVAHTHVDTLYVRYHYYTWAVLAYTWY,0
QLLRREVYDF,YFAMYQENVAQTDVDTLYIIYRDYTWAELAYTWY,0
QLLRREVYDF,YSAMYEEKVAHTDENIAYLMFHYYTWAVQAYTGY,0
QLLRREVYDFA,YFAMYQENMAHTDANTLYIIYRDYTWVARVYRGY,0
QLNDSSEEE,YFAMYGEKVAHTHVDTLYVRYHYYTWAVLAYTWY,0
QLNDSSEEE,YYAMYREISTNTYESNLYLRYDSYTWAEWAYLWY,0
QPETTDLYCY,YFAMYQENMAHTDANTLYIIYRDYTWVARVYRGY,0
QPETTDLYCY,YYSEYRNIYAQTDESNLYLSYDYYTWAERAYEWY,0
QPETTDLYCYE,YYSEYRNIYAQTDESNLYLSYDYYTWAERAYEWY,0
QQLLRREVYD,YFAMYGEKVAHTHVDTLYVRYHYYTWAVLAYTWY,0
QQLLRREVYD,YYAMYREISTNTYESNLYLRYDSYTWAEWAYLWY,0
QQYNKPLCDLL,YFAMYGEKVAHTHVDTLYVRYHYYTWAVLAYTWY,0
QQYNKPLCDLL,YYAMYREISTNTYESNLYLRYDSYTWAEWAYLWY,0
QTTIHDIILE,YYAMYQENVAQTDVDTLYIIYRDYTWAAQAYRWY,0
QYNKPLCDLL,YYSEYRNIYAQTDESNLYLSYDYYTWAERAYEWY,0
QYNKPLCDLL,YYAMYREISTNTYESNLYLRYDSYTWAEWAYLWY,0
QYNKPLCDLLI,YFAMYGEKVAHTHVDTLYVRYHYYTWAVLAYTWY,0
RCMSCCRSSR,YFAMYQENVAQTDVDTLYIIYRDYTWAELAYTWY,0
RDGNPYAV,YSAMYEEKVAHTDENIAYLMFHYYTWAVQAYTGY,0
RDGNPYAVCDK,YYAMYQENVAQTDVDTLYIIYRDYTWAAQAYRWY,0
REVYDFAF,YYAMYREISTNTYESNLYLRYDSYTWAEWAYLWY,0
REVYDFAFR,YYAMYQENVAQTDVDTLYIIYRDYTWAAQAYRWY,0
REVYDFAFRDL,YSAMYEEKVAHTDENIAYLMFHYYTWAVQAYTGY,0
RGRWTGRCMS,YYSEYRNIYAQTDESNLYLSYDYYTWAERAYEWY,0
RGRWTGRCMSC,YFAMYQENVAQTDVDTLYIIYRDYTWAELAYTWY,0
RHLDKKQRF,YSAMYEEKVAHTDENIAYLMFHYYTWAVQAYTGY,0
RHYCYSLY,YYAMYQENVAQTDVDTLYIIYRDYTWAAQAYRWY,0
RHYCYSLYGT,YFAMYQENVAQTDVDTLYIIYRDYTWAELAYTWY,0
RKLPQLCTEL,YYSEYRNIYAQTDESNLYLSYDYYTWAERAYEWY,0
RLCVQSTH,YFAMYQENVAQTDVDTLYIIYRDYTWAELAYTWY,0
RLCVQSTH,YYAMYREISTNTYESNLYLRYDSYTWAEWAYLWY,0
RLCVQSTHVD,YFAMYQENVAQTDVDTLYIIYRDYTWAELAYTWY,0
RLCVQSTHVD,YYAMYQENVAQTDVDTLYIIYRDYTWAAQAYRWY,0
RLCVQSTHVD,YYAMYREISTNTYESNLYLRYDSYTWAEWAYLWY,0
RLECVYCKQQL,YFAMYGEKVAHTHVDTLYVRYHYYTWAVLAYTWY,0
RSSRTRRETQL,YYAMYREISTNTYESNLYLRYDSYTWAEWAYLWY,0
RTLEDLLM,YYAMYQENVAQTDVDTLYIIYRDYTWAAQAYRWY,0
RTLEDLLM,YYAMYREISTNTYESNLYLRYDSYTWAEWAYLWY,0
RTRRETQL,YYAMYREISTNTYESNLYLRYDSYTWAEWAYLWY,0
RWTGRCMSC,YSAMYEEKVAHTDENIAYLMFHYYTWAVQAYTGY,0
RWTGRCMSCC,YSAMYEEKVAHTDENIAYLMFHYYTWAVQAYTGY,0
RYYCYSVYGT,YFAMYGEKVAHTHVDTLYVRYHYYTWAVLAYTWY,0
SCCRSSRTR,YYAMYQENVAQTDVDTLYIIYRDYTWAAQAYRWY,0
SEEEDEIDGPA,YFAMYGEKVAHTHVDTLYVRYHYYTWAVLAYTWY,0
SEYRHYCY,YFAMYQENMAHTDANTLYIIYRDYTWVARVYRGY,0
SEYRHYCYSL,YFAMYGEKVAHTHVDTLYVRYHYYTWAVLAYTWY,0
SEYRHYCYSL,YYSEYRNIYAQTDESNLYLSYDYYTWAERAYEWY,0
SEYRHYCYSL,YYAMYREISTNTYESNLYLRYDSYTWAEWAYLWY,0
SEYRHYCYSLY,YFAMYQENVAQTDVDTLYIIYRDYTWAELAYTWY,0
SEYRHYCYSLY,YYAMYQENVAQTDVDTLYIIYRDYTWAAQAYRWY,0
SEYRHYCYSLY,YSAMYEEKVAHTDENIAYLMFHYYTWAVQAYTGY,0
SEYRHYCYSV,YFAMYGEKVAHTHVDTLYVRYHYYTWAVLAYTWY,0
SEYRHYCYSV,YSAMYEEKVAHTDENIAYLMFHYYTWAVQAYTGY,0
SKISEYRHY,YFAMYQENMAHTDANTLYIIYRDYTWVARVYRGY,0
SKISEYRHY,YYSEYRNIYAQTDESNLYLSYDYYTWAERAYEWY,0
SKISEYRHYCY,YYAMYQENVAQTDVDTLYIIYRDYTWAAQAYRWY,0
SLYGTTLEQ,YFAMYGEKVAHTHVDTLYVRYHYYTWAVLAYTWY,0
SLYGTTLEQ,YFAMYQENVAQTDVDTLYIIYRDYTWAELAYTWY,0
SLYGTTLEQ,YYAMYQENVAQTDVDTLYIIYRDYTWAAQAYRWY,0
SLYGTTLEQ,YYAMYREISTNTYESNLYLRYDSYTWAEWAYLWY,0
SLYGTTLEQQ,YFAMYGEKVAHTHVDTLYVRYHYYTWAVLAYTWY,0
SLYGTTLEQQ,YFAMYQENVAQTDVDTLYIIYRDYTWAELAYTWY,0
SLYGTTLEQQY,YFAMYQENMAHTDANTLYIIYRDYTWVARVYRGY,0
SLYGTTLEQQY,YFAMYGEKVAHTHVDTLYVRYHYYTWAVLAYTWY,0
SSEEEDEIDG,YYAMYQENVAQTDVDTLYIIYRDYTWAAQAYRWY,0
SSRTRRETQL,YYAMYREISTNTYESNLYLRYDSYTWAEWAYLWY,0
STHVDIRTL,YFAMYGEKVAHTHVDTLYVRYHYYTWAVLAYTWY,0
STHVDIRTLE,YYAMYQENVAQTDVDTLYIIYRDYTWAAQAYRWY,0
STLRLCVQS,YYAMYQENVAQTDVDTLYIIYRDYTWAAQAYRWY,0
STLRLCVQST,YFAMYGEKVAHTHVDTLYVRYHYYTWAVLAYTWY,0
STLRLCVQST,YYAMYREISTNTYESNLYLRYDSYTWAEWAYLWY,0
STLRLCVQSTH,YFAMYQENVAQTDVDTLYIIYRDYTWAELAYTWY,0
STLRLCVQSTH,YYAMYQENVAQTDVDTLYIIYRDYTWAAQAYRWY,0
SVYGTTLEQ,YYAMYQENVAQTDVDTLYIIYRDYTWAAQAYRWY,0
SVYGTTLEQQY,YFAMYQENVAQTDVDTLYIIYRDYTWAELAYTWY,0
SVYGTTLEQQY,YYAMYQENVAQTDVDTLYIIYRDYTWAAQAYRWY,0
TDLYCYEQF,YSAMYEEKVAHTDENIAYLMFHYYTWAVQAYTGY,0
TELQTTIHDII,YFAMYGEKVAHTHVDTLYVRYHYYTWAVLAYTWY,0
TFCCKCDSTLR,YYAMYQENVAQTDVDTLYIIYRDYTWAAQAYRWY,0
TFCCKCDSTLR,YSAMYEEKVAHTDENIAYLMFHYYTWAVQAYTGY,0
TIHEIILEC,YFAMYGEKVAHTHVDTLYVRYHYYTWAVLAYTWY,0
TKLPQLCTEL,YFAMYGEKVAHTHVDTLYVRYHYYTWAVLAYTWY,0
TLEDLLMG,YYSEYRNIYAQTDESNLYLSYDYYTWAERAYEWY,0
TLEDLLMGTL,YFAMYGEKVAHTHVDTLYVRYHYYTWAVLAYTWY,0
TLEDLLMGTL,YFAMYQENVAQTDVDTLYIIYRDYTWAELAYTWY,0
TLEDLLMGTL,YSAMYEEKVAHTDENIAYLMFHYYTWAVQAYTGY,0
TLEDLLMGTL,YYAMYREISTNTYESNLYLRYDSYTWAEWAYLWY,0
TLEQQYNK,YFAMYQENVAQTDVDTLYIIYRDYTWAELAYTWY,0
TLEQQYNKPL,YFAMYGEKVAHTHVDTLYVRYHYYTWAVLAYTWY,0
TLGIVCPICS,YYAMYREISTNTYESNLYLRYDSYTWAEWAYLWY,0
TLHEYMLDLQ,YFAMYGEKVAHTHVDTLYVRYHYYTWAVLAYTWY,0
TLRLCVQSTH,YFAMYQENVAQTDVDTLYIIYRDYTWAELAYTWY,0
TLRLCVQSTH,YYAMYREISTNTYESNLYLRYDSYTWAEWAYLWY,0
TLRLCVQSTHV,YFAMYGEKVAHTHVDTLYVRYHYYTWAVLAYTWY,0
TTDLYCYEQ,YYAMYQENVAQTDVDTLYIIYRDYTWAAQAYRWY,0
TTDLYCYEQF,YSAMYEEKVAHTDENIAYLMFHYYTWAVQAYTGY,0
TTDLYCYEQLN,YYAMYQENVAQTDVDTLYIIYRDYTWAAQAYRWY,0
TTIHDIILE,YYAMYQENVAQTDVDTLYIIYRDYTWAAQAYRWY,0
TTIHDIILEC,YYAMYQENVAQTDVDTLYIIYRDYTWAAQAYRWY,0
TTIHEIILE,YYAMYQENVAQTDVDTLYIIYRDYTWAAQAYRWY,0
TTLEQQYNKP,YYAMYQENVAQTDVDTLYIIYRDYTWAAQAYRWY,0
TTLEQQYNKPL,YFAMYGEKVAHTHVDTLYVRYHYYTWAVLAYTWY,0
TTLEQQYNKPL,YFAMYQENVAQTDVDTLYIIYRDYTWAELAYTWY,0
TTLEQQYNKPL,YYAMYQENVAQTDVDTLYIIYRDYTWAAQAYRWY,0
VDIRTLEDLL,YSAMYEEKVAHTDENIAYLMFHYYTWAVQAYTGY,0
VQSTHVDI,YFAMYGEKVAHTHVDTLYVRYHYYTWAVLAYTWY,0
VQSTHVDIR,YYAMYQENVAQTDVDTLYIIYRDYTWAAQAYRWY,0
VQSTHVDIRTL,YYAMYREISTNTYESNLYLRYDSYTWAEWAYLWY,0
VYCKQQLLR,YFAMYQENVAQTDVDTLYIIYRDYTWAELAYTWY,0
VYCKQQLLR,YYAMYQENVAQTDVDTLYIIYRDYTWAAQAYRWY,0
VYGTTLEQQ,YSAMYEEKVAHTDENIAYLMFHYYTWAVQAYTGY,0
WTGRCMSCCR,YFAMYQENVAQTDVDTLYIIYRDYTWAELAYTWY,0
YAVCDKCLKF,YFAMYGEKVAHTHVDTLYVRYHYYTWAVLAYTWY,0
YCYSLYGTTL,YFAMYGEKVAHTHVDTLYVRYHYYTWAVLAYTWY,0
YCYSLYGTTL,YSAMYEEKVAHTDENIAYLMFHYYTWAVQAYTGY,0
YCYSLYGTTL,YYSEYRNIYAQTDESNLYLSYDYYTWAERAYEWY,0
YCYSVYGT,YFAMYGEKVAHTHVDTLYVRYHYYTWAVLAYTWY,0
YCYSVYGTTL,YFAMYGEKVAHTHVDTLYVRYHYYTWAVLAYTWY,0
YCYSVYGTTL,YYSEYRNIYAQTDESNLYLSYDYYTWAERAYEWY,0
YDFAFRDLCI,YFAMYGEKVAHTHVDTLYVRYHYYTWAVLAYTWY,0
YDFAFRDLCIV,YFAMYGEKVAHTHVDTLYVRYHYYTWAVLAYTWY,0
YDFAFRDLCIV,YSAMYEEKVAHTDENIAYLMFHYYTWAVQAYTGY,0
YNIVTFCCK,YFAMYQENVAQTDVDTLYIIYRDYTWAELAYTWY,0
YNKPLCDLLI,YFAMYGEKVAHTHVDTLYVRYHYYTWAVLAYTWY,0
YRDGNPYAV,YFAMYGEKVAHTHVDTLYVRYHYYTWAVLAYTWY,0
YRHYCYSLY,YFAMYQENMAHTDANTLYIIYRDYTWVARVYRGY,0
YSKISEYR,YYAMYQENVAQTDVDTLYIIYRDYTWAAQAYRWY,0
YSKISEYRH,YYAMYQENVAQTDVDTLYIIYRDYTWAAQAYRWY,0
YSKISEYRHYC,YFAMYGEKVAHTHVDTLYVRYHYYTWAVLAYTWY,0
YSLYGTTL,YFAMYQENMAHTDANTLYIIYRDYTWVARVYRGY,0
YSLYGTTL,YFAMYGEKVAHTHVDTLYVRYHYYTWAVLAYTWY,0
YSLYGTTL,YYSEYRNIYAQTDESNLYLSYDYYTWAERAYEWY,0
YSVYGTTL,YFAMYGEKVAHTHVDTLYVRYHYYTWAVLAYTWY,0
YSVYGTTL,YYAMYREISTNTYESNLYLRYDSYTWAEWAYLWY,0
